query,date,age,gender
vaginal_bleeding_after_menopause,20210513,NULL,NULL
vaginal_bleeding_after_menopause,20210513,NULL,NULL
sage_tablets_for_menopause,20211031,NULL,NULL
sage_tablets_for_menopause,20211031,NULL,NULL
wild_yam_cream_for_menopause,20220129,NULL,NULL
wild_yam_cream_for_menopause,20220129,NULL,NULL
vaginal_discharge_after_menopause,20210510,NULL,NULL
vaginal_discharge_after_menopause,20210510,NULL,NULL
menopause_academy_companies_house,20210430,NULL,NULL
menopause_academy_companies_house,20210430,NULL,NULL
sage_menopause,20211221,NULL,NULL
sore_nipples_menopause,20210921,NULL,NULL
lorraine_kelly_menopause,20211017,45to54,Female
lorraine_kelly_menopause,20211017,45to54,Female
pantene_hair_biology_menopause,20210930,55to64,Male
pantene_hair_biology_menopause,20210930,55to64,Male
sage_tablets_for_the_menopause,20210930,65Plus,Female
sage_tablets_for_the_menopause,20210930,65Plus,Female
sage_for_menopause,20211215,NULL,NULL
sage_for_menopause,20211215,NULL,NULL
menopause_itchy_skin,20210804,NULL,NULL
menopause_itchy_skin,20210804,NULL,NULL
brighton_beach_menopause,20210722,NULL,NULL
menopause_hot_flashes_natural_remedies,20210614,NULL,NULL
menopause_night_sweats,20210614,NULL,NULL
menopause_hot_flashes,20210614,NULL,NULL
menopause_hot_flashes_natural_remedies,20210614,NULL,NULL
menopause_hot_flashes,20210614,NULL,NULL
dr_menopause,20210512,NULL,NULL
dr_menopause,20210512,NULL,NULL
red_clover_menopause,20210512,NULL,NULL
red_clover_menopause,20210512,45to54,Female
red_clover_menopause,20210512,NULL,NULL
red_clover_menopause,20210512,NULL,NULL
red_clover_menopause,20210512,NULL,NULL
red_clover_menopause,20210512,45to54,Female
vaginal_discharge_after_menopause,20210811,NULL,NULL
vaginal_discharge_after_menopause,20210811,NULL,NULL
menopause_taylor,20211017,NULL,NULL
menopause_taylor,20211017,NULL,NULL
johnson_c_roberts_l_elkins_g_2019_complementary_and_alternative_medicine_for_menopause_journal_of_evidence_based_integrative_medicine_httpsdoiorg1011772515690x19829380,20211202,NULL,NULL
johnson_c_roberts_l_elkins_g_2019_complementary_and_alternative_medicine_for_menopause_journal_of_evidence_based_integrative_medicine_httpsdoiorg1011772515690x19829380,20211202,NULL,NULL
loreal_paris_menopause,20211202,45to54,Female
meg_matthews_menopause,20211202,NULL,NULL
menopause_kendall,20210423,NULL,NULL
kendall_menopause,20210423,NULL,NULL
columbia_menopause_hormone_therapy,20210722,NULL,NULL
thyroid_and_perimenopause,20210417,NULL,NULL
perimenopause_still_such_mystery,20210504,25to34,-1
weber_mt_rubin_lh_maki_pm_2013_cognition_in_perimenopause_the_effect_of_transition_stage_menopause_20_5_5117,20211202,NULL,NULL
weber_mt_rubin_lh_maki_pm_2013_cognition_in_perimenopause_the_effect_of_transition_stage_menopause_20_5_5117,20211202,NULL,NULL
sore_nipples_menopause,20210503,65Plus,Female
sore_nipples_menopause,20210503,65Plus,Female
why_is_perimenopause_still_such,20210503,NULL,NULL
why_perimenopause_such_mystery,20210503,NULL,NULL
why_perimenopause_mystery,20210503,NULL,NULL
why_is_perimenopause_such,20210503,NULL,NULL
why_perimenopause_still_mystery,20210503,35to44,Male
why_perimenopause_still_such,20210503,NULL,NULL
why_is_perimenopause_such_mystery,20210503,NULL,NULL
why_perimenopause_still_mystery,20210503,NULL,NULL
why_perimenopause_still_such_mystery,20210503,NULL,NULL
why_perimenopause_such_mystery,20210503,NULL,NULL
why_is_perimenopause_still_such,20210503,NULL,NULL
what_is_peri_menopause,20210712,NULL,NULL
what_is_peri_menopause,20210712,NULL,NULL
sage_tablets_for_the_menopause,20210712,45to54,Female
sage_tablets_for_the_menopause,20210712,45to54,Female
dr_menopause,20211024,NULL,NULL
dr_menopause,20211024,NULL,NULL
menopause_mood_swings,20210802,NULL,NULL
menopause_mood_swings,20210802,NULL,NULL
menopause_mood_swings,20210830,45to54,Female
menopause_mood_swings,20210830,45to54,Female
menopause_acne_treatment,20210912,NULL,NULL
london_menopause_clinic,20210512,NULL,NULL
london_menopause_clinic,20210512,NULL,NULL
london_menopause_clinic,20210518,NULL,NULL
london_menopause_clinic,20210518,NULL,NULL
princeton_menopause,20210730,NULL,NULL
menopause_princeton,20210730,NULL,NULL
perimenopause_still_such_mystery,20210502,NULL,NULL
perimenopause_still_mystery,20210503,NULL,NULL
perimenopause_still_such_mystery,20210503,NULL,NULL
post_menopause_supplements,20210503,45to54,Female
post_menopause_supplements,20210503,45to54,Female
is_it_normal_to_only_bleed_for_a_couple_of_days_during_menopause,20211026,NULL,NULL
dr_meyer_menopause,20210820,NULL,NULL
dr_meyer_menopause,20210820,NULL,NULL
peri_menopause,20210724,65Plus,Male
menopause_spire,20220125,NULL,NULL
menopause_spire,20220125,NULL,NULL
vaginal_pain_during_menopause,20220125,NULL,NULL
vaginal_pain_during_menopause,20220125,NULL,NULL
why_is_perimenopause_such_mystery,20220125,NULL,NULL
why_is_perimenopause_still_such,20220125,NULL,NULL
london_pms_and_menopause_centre,20210427,55to64,Female
london_pms_and_menopause_centre,20210427,55to64,Female
holland_and_barrett_menopause_tablets,20210515,NULL,NULL
holland_and_barrett_menopause_tablets,20210515,NULL,NULL
pfizer_vaccine_and_menopause,20210524,NULL,NULL
pfizer_vaccine_and_menopause,20210524,NULL,NULL
vaginal_discharge_after_menopause,20210529,NULL,NULL
vaginal_discharge_after_menopause,20210529,NULL,NULL
perimenopause_age_range,20210427,NULL,NULL
perimenopause_age_range,20210427,NULL,NULL
pantene_menopause_shampoo,20211012,45to54,Female
pantene_menopause_shampoo,20211012,45to54,Female
menopause_night_sweats,20210612,NULL,NULL
menopause_night_sweats,20210612,NULL,NULL
menopause_plano,20211111,NULL,NULL
princeton_menopause,20211111,NULL,NULL
menopause_princeton,20211111,NULL,NULL
saperstein_j_jiang_xuezhi_schnatz_pf_2018_reflections_on_education_about_menopause_connecticut_medicine_82_4345,20211111,NULL,NULL
saperstein_j_jiang_xuezhi_schnatz_pf_2018_reflections_on_education_about_menopause_connecticut_medicine_82_4345,20211111,NULL,NULL
why_is_perimenopause_still_such,20210506,NULL,NULL
why_is_perimenopause_still,20210506,NULL,NULL
why_is_perimenopause_still_mystery,20210506,NULL,NULL
sage_tablets_for_the_menopause,20210713,NULL,NULL
sage_tablets_for_the_menopause,20210713,NULL,NULL
biocare_menopause,20220103,45to54,Female
biocare_menopause,20220103,45to54,Female
brain_fog_menopause,20220103,NULL,NULL
menopause_online_test,20220112,65Plus,Female
menopause_musical,20220112,NULL,NULL
menopause_online_test,20220112,55to64,Male
menopause_musical,20220112,NULL,NULL
menopause_online_test,20220112,55to64,Male
a_vogel_menopause_support,20210824,NULL,NULL
a_vogel_menopause_support,20210824,NULL,NULL
spring_valley_menopause,20210508,NULL,NULL
vaginal_bleeding_after_menopause,20210508,NULL,NULL
vaginal_bleeding_after_menopause,20210508,NULL,NULL
hrt_and_perimenopause,20210503,NULL,NULL
hrt_and_perimenopause,20210503,NULL,NULL
why_modern_overlooking_menopause,20210416,65Plus,Male
why_modern_medicine_keeps_menopause,20210416,65Plus,Male
perimenopause_still_such_mystery,20210429,25to34,Male
perimenopause_still_such_mystery,20210429,NULL,NULL
perimenopause_still_such_mystery,20210429,NULL,NULL
perimenopause_still_such_mystery,20210429,NULL,NULL
weight_gain_and_menopause,20210722,NULL,NULL
wendy_sweet_menopause,20211024,55to64,Female
wendy_sweet_menopause,20211024,55to64,Female
sore_nipples_menopause,20210516,NULL,NULL
dr_louise_newson_menopause_expert,20210824,NULL,NULL
why_do_women_put_on_weight_after_menopause,20211124,45to54,Female
why_do_women_put_on_weight_after_menopause,20211124,45to54,Female
sage_tablets_for_the_menopause,20210719,45to54,Female
sage_tablets_for_the_menopause,20210719,45to54,Female
beat_the_menopause,20210819,NULL,NULL
beat_the_menopause,20210819,NULL,NULL
brain_fog_menopause,20220104,NULL,NULL
vaginal_discharge_after_menopause,20210806,NULL,NULL
vaginal_discharge_after_menopause,20210806,NULL,NULL
menopause_monroe,20210806,NULL,NULL
murray_hill_menopause,20210806,NULL,NULL
peri_menopause_symptoms,20210806,NULL,NULL
peri_menopause_symptoms,20210806,NULL,NULL
what_happens_to_our_archetypes_when_we_are_no_longer_cycling_in_our_monthly_periods_and_are_in_menopause,20211105,NULL,NULL
why_perimenopause_still,20220116,NULL,NULL
why_perimenopause_still_mystery,20220116,45to54,Male
why_perimenopause_still_such,20220116,NULL,NULL
why_is_perimenopause_such_mystery,20220116,NULL,NULL
why_perimenopause_still_such,20220116,NULL,NULL
why_perimenopause_such_mystery,20220116,NULL,NULL
why_is_perimenopause_such,20220116,45to54,Male
why_is_perimenopause_such_mystery,20220116,NULL,NULL
why_is_perimenopause_still,20220116,NULL,NULL
why_perimenopause_such_mystery,20220116,45to54,Male
why_is_perimenopause_such_mystery,20220116,NULL,NULL
why_perimenopause_still_such_mystery,20220116,NULL,NULL
why_perimenopause_such,20220116,NULL,NULL
why_is_perimenopause_such,20220116,NULL,NULL
why_is_perimenopause_such,20220116,NULL,NULL
why_perimenopause_such,20220116,45to54,Male
why_is_perimenopause_still_such_mystery,20220116,NULL,NULL
vaginal_discharge_after_menopause,20210826,NULL,NULL
vaginal_discharge_after_menopause,20210826,NULL,NULL
vaginal_discharge_after_menopause,20220108,NULL,NULL
vaginal_discharge_after_menopause,20220108,NULL,NULL
sage_tablets_for_the_menopause,20210603,NULL,NULL
sage_tablets_for_the_menopause,20210603,NULL,NULL
nike_tech_fleece_full_zip_hoodie_menopause,20211130,NULL,NULL
vaginal_discharge_after_menopause,20210504,NULL,NULL
vaginal_discharge_after_menopause,20210504,NULL,NULL
why_is_perimenopause_such_mystery,20210504,NULL,NULL
why_perimenopause_still_such,20210504,25to34,-1
why_is_perimenopause_still_such,20210504,25to34,-1
why_is_perimenopause_still_such_mystery,20210504,NULL,NULL
why_is_perimenopause_still_such_mystery,20210504,25to34,-1
elk_grove_village_menopause,20210522,NULL,NULL
stockton_menopause,20211119,NULL,NULL
davidson_perimenopause,20211216,NULL,NULL
vaginal_discharge_after_menopause,20211014,35to44,Female
sore_nipples_menopause_symptoms,20211012,45to54,Female
sore_nipples_menopause_symptoms,20211012,45to54,Female
gold_standard_menopause_treatment_for_women,20211124,NULL,NULL
sage_leaf_for_menopause,20210916,45to54,Female
sage_leaf_for_menopause,20210916,45to54,Female
companies_house_menopause_academy,20210711,NULL,NULL
companies_house_menopause_academy,20210711,NULL,NULL
vaginal_discharge_after_menopause,20211227,NULL,NULL
vaginal_discharge_after_menopause,20211227,NULL,NULL
post_menopause_will_my_migraines_go_away_and_come_back,20220125,NULL,NULL
post_menopause_will_my_migraines_go_away_and_come_back,20220125,NULL,NULL
vaginal_bleed_after_menopause,20210521,NULL,NULL
vaginal_bleed_after_menopause,20210521,NULL,NULL
menopause_night_sweats,20211002,NULL,NULL
menopause_night_sweats,20211002,NULL,NULL
nutrition_fx_menopause_3,20220121,NULL,NULL
nutrition_fx_menopause_3,20220121,NULL,NULL
vogel_menopause_support,20210424,55to64,Male
vogel_menopause_support,20210424,55to64,Male
nexplanon_implant_and_menopause,20210523,NULL,NULL
nexplanon_implant_and_menopause,20210523,NULL,NULL
mood_swings_perimenopause,20210611,NULL,NULL
mood_swings_perimenopause,20210611,NULL,NULL
vaginal_dryness_after_menopause,20210522,NULL,NULL
vaginal_dryness_after_menopause,20210522,NULL,NULL
perimenopause_still_such_mystery,20210505,NULL,NULL
a_vogel_menopause_support,20220115,55to64,Female
a_vogel_menopause_support,20220115,55to64,Female
elk_grove_village_menopause,20210709,NULL,NULL
superfit_after_menopause,20220113,65Plus,Male
vaginal_bleeding_after_menopause,20220113,NULL,NULL
vaginal_bleeding_after_menopause,20220113,NULL,NULL
why_is_perimenopause_such,20220113,NULL,NULL
why_is_perimenopause_still_such,20220113,NULL,NULL
why_perimenopause_such_mystery,20220113,NULL,NULL
why_perimenopause_still_such_mystery,20220113,NULL,NULL
why_perimenopause_still_mystery,20220113,NULL,NULL
why_is_perimenopause_still,20220113,NULL,NULL
why_perimenopause_such_mystery,20220113,55to64,-1
why_is_perimenopause_such,20220113,NULL,NULL
why_is_perimenopause_still_mystery,20220113,NULL,NULL
why_perimenopause_still_such_mystery,20220113,NULL,NULL
why_is_perimenopause_still_mystery,20220113,NULL,NULL
why_perimenopause_mystery,20220113,NULL,NULL
why_is_perimenopause_still_mystery,20220113,NULL,NULL
why_perimenopause_still_such,20220113,NULL,NULL
why_perimenopause_still,20220113,NULL,NULL
why_is_perimenopause_still_mystery,20220113,NULL,NULL
why_perimenopause_such_mystery,20220113,25to34,Male
why_perimenopause_still,20220113,NULL,NULL
why_perimenopause_still_mystery,20220113,NULL,NULL
why_perimenopause_still_mystery,20220113,NULL,NULL
why_is_perimenopause_still,20220113,NULL,NULL
why_is_perimenopause_such,20220113,NULL,NULL
why_is_perimenopause_still_mystery,20220113,NULL,NULL
why_perimenopause_still_mystery,20220113,NULL,NULL
why_is_perimenopause_still_mystery,20220113,25to34,Male
why_is_perimenopause,20220113,NULL,NULL
why_is_perimenopause_such,20220113,NULL,NULL
why_is_perimenopause_still,20220113,NULL,NULL
why_perimenopause_still_such,20220113,NULL,NULL
why_perimenopause_such_mystery,20220113,NULL,NULL
why_perimenopause_mystery,20220113,NULL,NULL
why_perimenopause_such_mystery,20220113,NULL,NULL
why_perimenopause_still_such,20220113,NULL,NULL
why_perimenopause_mystery,20220113,NULL,NULL
why_is_perimenopause_such_mystery,20220113,NULL,NULL
why_is_perimenopause_still,20220113,NULL,NULL
why_perimenopause_still,20220113,NULL,NULL
why_perimenopause_still_mystery,20220113,NULL,NULL
why_is_perimenopause,20220113,NULL,NULL
why_perimenopause_mystery,20220113,NULL,NULL
why_is_perimenopause_still,20220113,18to24,Male
why_is_perimenopause_still_mystery,20220113,NULL,NULL
why_is_perimenopause_such_mystery,20220113,NULL,NULL
why_perimenopause_such_mystery,20220113,NULL,NULL
why_perimenopause_still_mystery,20220113,NULL,NULL
why_perimenopause_still_mystery,20220113,35to44,-1
why_perimenopause_still,20220113,NULL,NULL
why_perimenopause_still_such_mystery,20220113,NULL,NULL
why_is_perimenopause_such,20220113,NULL,NULL
why_is_perimenopause_such_mystery,20220113,NULL,NULL
why_perimenopause_still,20220113,NULL,NULL
why_is_perimenopause,20220113,NULL,NULL
why_is_perimenopause,20220113,NULL,NULL
why_is_perimenopause_still_mystery,20220113,NULL,NULL
why_perimenopause_such_mystery,20220113,NULL,NULL
why_is_perimenopause_such,20220113,NULL,NULL
why_is_perimenopause_such_mystery,20220113,NULL,NULL
why_perimenopause_such,20220113,18to24,Male
why_is_perimenopause_such,20220113,NULL,NULL
why_is_perimenopause_such,20220113,NULL,NULL
why_is_perimenopause_still,20220113,NULL,NULL
why_perimenopause_such_mystery,20220113,NULL,NULL
why_perimenopause_such_mystery,20220113,NULL,NULL
why_is_perimenopause_still_such,20220113,NULL,NULL
why_is_perimenopause_such,20220113,NULL,NULL
why_is_perimenopause_still_mystery,20220113,NULL,NULL
why_perimenopause,20220113,NULL,NULL
why_perimenopause_still_such,20220113,NULL,NULL
why_perimenopause_such,20220113,18to24,Male
why_perimenopause_still_such,20220113,NULL,NULL
why_perimenopause_such,20220113,NULL,NULL
why_perimenopause_such,20220113,NULL,NULL
why_is_perimenopause_still,20220113,NULL,NULL
why_perimenopause_still_such,20220113,NULL,NULL
why_perimenopause_mystery,20220113,NULL,NULL
why_perimenopause_such,20220113,NULL,NULL
why_perimenopause_such,20220113,NULL,NULL
why_perimenopause_still_such_mystery,20220113,NULL,NULL
why_perimenopause_still_such_mystery,20220113,NULL,NULL
why_is_perimenopause_still_such,20220113,25to34,Male
why_perimenopause_such,20220113,NULL,NULL
why_is_perimenopause_still_mystery,20220113,NULL,NULL
why_is_perimenopause_such,20220113,NULL,NULL
why_perimenopause_mystery,20220113,NULL,NULL
why_perimenopause_such,20220113,NULL,NULL
why_is_perimenopause_still_mystery,20220113,NULL,NULL
why_perimenopause_still,20220113,NULL,NULL
why_is_perimenopause_still_such,20220113,NULL,NULL
why_is_perimenopause_still_such,20220113,25to34,Female
why_perimenopause_still_mystery,20220113,NULL,NULL
why_is_perimenopause_still_such,20220113,NULL,NULL
why_is_perimenopause_still_mystery,20220113,NULL,NULL
why_is_perimenopause_still,20220113,NULL,NULL
why_is_perimenopause_such_mystery,20220113,NULL,NULL
why_is_perimenopause_still,20220113,NULL,NULL
why_is_perimenopause_still_such,20220113,NULL,NULL
why_is_perimenopause_still_mystery,20220113,NULL,NULL
why_is_perimenopause_still,20220113,NULL,NULL
why_perimenopause_such_mystery,20220113,NULL,NULL
why_perimenopause_still_mystery,20220113,NULL,NULL
why_is_perimenopause_still,20220113,NULL,NULL
why_perimenopause_mystery,20220113,NULL,NULL
why_is_perimenopause_such_mystery,20220113,NULL,NULL
why_is_perimenopause_such_mystery,20220113,NULL,NULL
why_perimenopause_still_mystery,20220113,18to24,Male
why_perimenopause_still,20220113,NULL,NULL
why_perimenopause_such_mystery,20220113,35to44,Male
why_perimenopause_still_mystery,20220113,NULL,NULL
why_perimenopause_still_such_mystery,20220113,NULL,NULL
why_perimenopause_still_mystery,20220113,NULL,NULL
why_perimenopause_still,20220113,NULL,NULL
why_perimenopause_still_such_mystery,20220113,NULL,NULL
why_perimenopause_still_such_mystery,20220113,NULL,NULL
why_is_perimenopause_still,20220113,NULL,NULL
why_perimenopause_still_such_mystery,20220113,NULL,NULL
why_perimenopause_still_such_mystery,20220113,NULL,NULL
why_is_perimenopause_such,20220113,NULL,NULL
why_is_perimenopause_such_mystery,20220113,NULL,NULL
why_is_perimenopause_such,20220113,NULL,NULL
why_is_perimenopause_such,20220113,35to44,Male
why_is_perimenopause,20220113,NULL,NULL
why_perimenopause_such,20220113,NULL,NULL
why_is_perimenopause,20220113,NULL,NULL
why_is_perimenopause_such_mystery,20220113,NULL,NULL
why_is_perimenopause_still_such,20220113,NULL,NULL
why_is_perimenopause,20220113,NULL,NULL
why_is_perimenopause_still,20220113,NULL,NULL
why_perimenopause_mystery,20220113,NULL,NULL
why_perimenopause_such,20220113,55to64,Female
why_perimenopause_still_such,20220113,NULL,NULL
why_perimenopause_still_mystery,20220113,NULL,NULL
why_perimenopause,20220113,NULL,NULL
why_is_perimenopause_such,20220113,NULL,NULL
why_is_perimenopause_still_mystery,20220113,NULL,NULL
why_is_perimenopause_such_mystery,20220113,NULL,NULL
why_is_perimenopause_still,20220113,NULL,NULL
why_is_perimenopause_still,20220113,NULL,NULL
why_perimenopause_still_such_mystery,20220113,NULL,NULL
why_perimenopause_such_mystery,20220113,NULL,NULL
why_perimenopause_still,20220113,NULL,NULL
why_is_perimenopause,20220113,NULL,NULL
why_is_perimenopause_still_mystery,20220113,45to54,Male
why_is_perimenopause,20220113,NULL,NULL
why_perimenopause_still_such_mystery,20220113,NULL,NULL
why_perimenopause_still_such_mystery,20220113,NULL,NULL
why_perimenopause_such_mystery,20220113,NULL,NULL
why_perimenopause_such_mystery,20220113,NULL,NULL
why_perimenopause_still_mystery,20220113,NULL,NULL
why_perimenopause_still_mystery,20220113,NULL,NULL
why_is_perimenopause_such_mystery,20220113,NULL,NULL
why_is_perimenopause_still_mystery,20220113,NULL,NULL
why_perimenopause_still_such,20220113,NULL,NULL
why_perimenopause_still_such,20220113,NULL,NULL
why_is_perimenopause_still_mystery,20220113,NULL,NULL
why_perimenopause_still_such,20220113,NULL,NULL
why_is_perimenopause_such,20220113,55to64,Male
why_is_perimenopause_still,20220113,NULL,NULL
why_is_perimenopause_such_mystery,20220113,NULL,NULL
why_perimenopause_still_such,20220113,NULL,NULL
why_is_perimenopause_still_mystery,20220113,NULL,NULL
why_perimenopause_still_such,20220113,NULL,NULL
why_perimenopause_mystery,20220113,NULL,NULL
why_is_perimenopause_still_such,20220113,NULL,NULL
why_is_perimenopause_such_mystery,20220113,NULL,NULL
why_is_perimenopause_still,20220113,NULL,NULL
why_is_perimenopause_still_such,20220113,NULL,NULL
why_is_perimenopause_still_mystery,20220113,NULL,NULL
why_perimenopause_such,20220113,NULL,NULL
why_is_perimenopause_still,20220113,NULL,NULL
why_perimenopause_mystery,20220113,NULL,NULL
why_perimenopause_such_mystery,20220113,NULL,NULL
why_perimenopause_still_such_mystery,20220113,NULL,NULL
why_perimenopause_still_such,20220113,45to54,Male
why_is_perimenopause_still_such,20220113,NULL,NULL
why_perimenopause_still_mystery,20220113,NULL,NULL
why_is_perimenopause_still_mystery,20220113,NULL,NULL
why_is_perimenopause_such,20220113,18to24,Male
why_perimenopause_such_mystery,20220113,NULL,NULL
why_perimenopause_such,20220113,NULL,NULL
why_perimenopause_still_mystery,20220113,NULL,NULL
why_perimenopause_still_such,20220113,NULL,NULL
why_is_perimenopause_still_such,20220113,NULL,NULL
why_is_perimenopause_such,20220113,NULL,NULL
why_perimenopause_such_mystery,20220113,NULL,NULL
why_is_perimenopause_still_such,20220113,NULL,NULL
why_perimenopause_still_such_mystery,20220113,NULL,NULL
why_perimenopause_such,20220113,NULL,NULL
why_is_perimenopause_such,20220113,NULL,NULL
why_is_perimenopause_such,20220113,NULL,NULL
why_is_perimenopause_still_such,20220113,NULL,NULL
why_perimenopause_still_such_mystery,20220113,NULL,NULL
why_is_perimenopause_such,20220113,NULL,NULL
why_is_perimenopause_still,20220113,NULL,NULL
why_is_perimenopause_still_such,20220113,NULL,NULL
why_perimenopause_still_such,20220113,NULL,NULL
why_perimenopause_still_such,20220113,18to24,Female
why_perimenopause_such_mystery,20220113,NULL,NULL
why_perimenopause_still_mystery,20220113,NULL,NULL
why_is_perimenopause_such,20220113,NULL,NULL
why_perimenopause_such_mystery,20220113,NULL,NULL
why_perimenopause_still,20220113,NULL,NULL
why_perimenopause_still_such,20220113,NULL,NULL
why_perimenopause_still_such,20220113,NULL,NULL
why_is_perimenopause_still_mystery,20220113,NULL,NULL
why_is_perimenopause_still,20220113,NULL,NULL
why_perimenopause_still_such_mystery,20220113,NULL,NULL
why_perimenopause_mystery,20220113,25to34,Female
why_perimenopause_such,20220113,45to54,Male
why_perimenopause_still_mystery,20220113,NULL,NULL
why_is_perimenopause_still,20220113,NULL,NULL
why_is_perimenopause_such,20220113,NULL,NULL
why_is_perimenopause_still,20220113,NULL,NULL
why_perimenopause_still_such_mystery,20220113,NULL,NULL
why_is_perimenopause_such_mystery,20220113,NULL,NULL
why_perimenopause_such_mystery,20220113,NULL,NULL
why_is_perimenopause,20220113,NULL,NULL
why_is_perimenopause_such_mystery,20220113,NULL,NULL
why_is_perimenopause_still_such,20220113,NULL,NULL
why_perimenopause_still_such_mystery,20220113,NULL,NULL
why_is_perimenopause_still_such,20220113,NULL,NULL
why_perimenopause_such_mystery,20220113,NULL,NULL
why_perimenopause_such_mystery,20220113,NULL,NULL
why_is_perimenopause_still_mystery,20220113,NULL,NULL
why_is_perimenopause_still,20220113,NULL,NULL
why_perimenopause_such_mystery,20220113,NULL,NULL
why_perimenopause_still_mystery,20220113,NULL,NULL
why_is_perimenopause_such,20220113,55to64,Female
why_is_perimenopause_such,20220113,25to34,Male
why_is_perimenopause_such,20220113,45to54,Male
why_is_perimenopause_still_such,20220113,45to54,Male
why_is_perimenopause_still,20220113,NULL,NULL
why_perimenopause_such_mystery,20220113,NULL,NULL
why_is_perimenopause_still_such,20220113,45to54,Male
why_is_perimenopause_still,20220113,NULL,NULL
why_perimenopause_still,20220113,NULL,NULL
why_perimenopause_still_such,20220113,NULL,NULL
why_is_perimenopause_such_mystery,20220113,NULL,NULL
why_perimenopause_still_such,20220113,NULL,NULL
why_perimenopause_still_mystery,20220113,NULL,NULL
why_perimenopause_such_mystery,20220113,NULL,NULL
why_perimenopause_mystery,20220113,NULL,NULL
why_is_perimenopause_still_mystery,20220113,NULL,NULL
why_is_perimenopause_such_mystery,20220113,NULL,NULL
why_is_perimenopause_still,20220113,NULL,NULL
why_perimenopause_such_mystery,20220113,NULL,NULL
why_is_perimenopause_still_such,20220113,55to64,-1
why_perimenopause_still_mystery,20220113,NULL,NULL
why_is_perimenopause_still_such,20220113,NULL,NULL
why_is_perimenopause_such,20220113,NULL,NULL
why_is_perimenopause,20220113,NULL,NULL
why_is_perimenopause_such,20220113,NULL,NULL
why_perimenopause_such,20220113,NULL,NULL
why_is_perimenopause_still_such,20220113,NULL,NULL
why_perimenopause_still,20220113,NULL,NULL
why_is_perimenopause_still,20220113,NULL,NULL
why_is_perimenopause,20220113,35to44,Female
why_is_perimenopause,20220113,NULL,NULL
why_perimenopause_such_mystery,20220113,45to54,Male
why_perimenopause_such,20220113,NULL,NULL
why_perimenopause_still_such_mystery,20220113,18to24,Female
why_is_perimenopause_still_mystery,20220113,NULL,NULL
why_is_perimenopause_such_mystery,20220113,NULL,NULL
why_perimenopause_still_such_mystery,20220113,NULL,NULL
why_is_perimenopause_such_mystery,20220113,NULL,NULL
why_is_perimenopause,20220113,NULL,NULL
why_is_perimenopause_such,20220113,NULL,NULL
why_is_perimenopause_still_mystery,20220113,NULL,NULL
why_is_perimenopause_still_such,20220113,35to44,Female
why_perimenopause_mystery,20220113,NULL,NULL
why_is_perimenopause_still,20220113,NULL,NULL
why_perimenopause_such_mystery,20220113,NULL,NULL
why_is_perimenopause_still,20220113,NULL,NULL
why_perimenopause_such_mystery,20220113,NULL,NULL
why_perimenopause_still_such_mystery,20220113,NULL,NULL
why_is_perimenopause_still_such,20220113,NULL,NULL
why_is_perimenopause_such,20220113,NULL,NULL
why_is_perimenopause_still_mystery,20220113,NULL,NULL
why_perimenopause_such_mystery,20220113,NULL,NULL
why_is_perimenopause,20220113,NULL,NULL
why_is_perimenopause_such_mystery,20220113,NULL,NULL
why_perimenopause_still,20220113,NULL,NULL
why_is_perimenopause_still_such,20220113,NULL,NULL
why_perimenopause_still_such,20220113,NULL,NULL
why_is_perimenopause_still_such,20220113,NULL,NULL
why_is_perimenopause_still_such,20220113,NULL,NULL
why_is_perimenopause_still_such,20220113,NULL,NULL
why_is_perimenopause_such_mystery,20220113,NULL,NULL
why_is_perimenopause_such,20220113,25to34,Female
why_perimenopause,20220113,NULL,NULL
why_is_perimenopause_such_mystery,20220113,NULL,NULL
why_is_perimenopause_still_such,20220113,NULL,NULL
why_perimenopause_such_mystery,20220113,NULL,NULL
why_is_perimenopause_still,20220113,35to44,-1
why_is_perimenopause_still_mystery,20220113,NULL,NULL
why_is_perimenopause_such,20220113,NULL,NULL
why_perimenopause_still,20220113,NULL,NULL
why_is_perimenopause_such,20220113,NULL,NULL
why_perimenopause_such_mystery,20220113,NULL,NULL
why_is_perimenopause_still,20220113,NULL,NULL
why_perimenopause_still_such_mystery,20220113,NULL,NULL
why_is_perimenopause_such,20220113,NULL,NULL
why_is_perimenopause_still_mystery,20220113,NULL,NULL
why_perimenopause_still_mystery,20220113,NULL,NULL
why_is_perimenopause,20220113,NULL,NULL
why_perimenopause_such_mystery,20220113,NULL,NULL
why_perimenopause_still_mystery,20220113,NULL,NULL
why_is_perimenopause_still_mystery,20220113,NULL,NULL
why_is_perimenopause_such_mystery,20220113,35to44,Female
why_perimenopause_still_such_mystery,20220113,NULL,NULL
why_perimenopause_such,20220113,NULL,NULL
why_is_perimenopause,20220113,NULL,NULL
why_perimenopause_still_mystery,20220113,NULL,NULL
why_perimenopause_still_such_mystery,20220113,NULL,NULL
why_perimenopause_still_such_mystery,20220113,NULL,NULL
why_is_perimenopause_still_mystery,20220113,NULL,NULL
why_perimenopause_mystery,20220113,NULL,NULL
why_is_perimenopause,20220113,NULL,NULL
why_perimenopause_still_such_mystery,20220113,NULL,NULL
why_is_perimenopause_still_mystery,20220113,18to24,Male
why_perimenopause_still_mystery,20220113,NULL,NULL
why_perimenopause_still_such_mystery,20220113,NULL,NULL
why_perimenopause_still_such,20220113,NULL,NULL
why_perimenopause_still_such_mystery,20220113,NULL,NULL
why_perimenopause_such,20220113,NULL,NULL
why_is_perimenopause_still_such,20220113,NULL,NULL
why_is_perimenopause_such,20220113,NULL,NULL
why_perimenopause_mystery,20220113,NULL,NULL
why_perimenopause_still_such_mystery,20220113,NULL,NULL
why_is_perimenopause_such_mystery,20220113,55to64,Female
why_is_perimenopause_still_such_mystery,20220113,45to54,Male
why_is_perimenopause_still_such_mystery,20220113,NULL,NULL
why_is_perimenopause_still_such_mystery,20220113,NULL,NULL
why_is_perimenopause_still_such_mystery,20220113,NULL,NULL
why_is_perimenopause_still_such_mystery,20220113,NULL,NULL
why_is_perimenopause_still_such_mystery,20220113,NULL,NULL
why_is_perimenopause_still_such_mystery,20220113,NULL,NULL
why_is_perimenopause_still_such_mystery,20220113,NULL,NULL
why_is_perimenopause_still_such_mystery,20220113,NULL,NULL
why_is_perimenopause_still_such_mystery,20220113,NULL,NULL
why_is_perimenopause_still_such_mystery,20220113,18to24,Male
why_is_perimenopause_still_such_mystery,20220113,NULL,NULL
why_is_perimenopause_still_such_mystery,20220113,NULL,NULL
why_is_perimenopause_still_such_mystery,20220113,NULL,NULL
why_is_perimenopause_still_such_mystery,20220113,NULL,NULL
why_is_perimenopause_still_such_mystery,20220113,NULL,NULL
why_is_perimenopause_still_such_mystery,20220113,NULL,NULL
why_is_perimenopause_still_such_mystery,20220113,NULL,NULL
why_is_perimenopause_still_such_mystery,20220113,NULL,NULL
why_is_perimenopause_still_such_mystery,20220113,NULL,NULL
why_is_perimenopause_still_such_mystery,20220113,35to44,Male
can_we_surive_our_relationship_after_a_menopause_break_up,20211116,NULL,NULL
can_we_savive_after_a_menopause_break_up,20211116,NULL,NULL
rachel_weiss_menopause_cafe,20210907,NULL,NULL
rachel_weiss_menopause_cafe,20210907,NULL,NULL
sage_leaf_for_menopause,20210907,45to54,Female
sage_leaf_for_menopause,20210907,45to54,Female
bristol_menopausecom,20210930,NULL,NULL
bristol_menopausecom,20210930,NULL,NULL
holland_and_barrett_menopause_suppliments,20211108,NULL,NULL
holland_and_barrett_menopause_suppliments,20211108,NULL,NULL
asos_and_menopause,20211201,NULL,NULL
asos_and_menopause,20211201,NULL,NULL
brain_fog_menopause,20211219,25to34,Male
i_am_used_to_running_a_lot_what_effect_does_menopause,20220130,45to54,Female
i_am_used_to_running_a_lot_what_effect_does_menopause,20220130,45to54,Female
perimenopause_still_mystery,20210430,NULL,NULL
perimenopause_still_mystery,20210430,NULL,NULL
peri_menopause_symptoms,20210430,35to44,Female
peri_menopause_symptoms,20210430,35to44,Female
voice_coach_menopause,20211129,NULL,NULL
voice_coach_menopause,20211129,NULL,NULL
why_perimenopause_such_mystery,20210502,NULL,NULL
why_is_perimenopause_such_mystery,20210502,NULL,NULL
why_perimenopause_still_such,20210502,NULL,NULL
why_perimenopause_still_mystery,20210502,NULL,NULL
why_is_perimenopause_still,20210502,NULL,NULL
why_perimenopause_still,20210502,NULL,NULL
why_perimenopause_still_such_mystery,20210502,NULL,NULL
why_perimenopause_such,20210502,NULL,NULL
why_is_perimenopause_still_such,20210502,NULL,NULL
why_is_perimenopause_still_mystery,20210502,NULL,NULL
peri_menopause_symptoms,20210913,35to44,Female
peri_menopause,20211005,NULL,NULL
peri_menopause,20211005,NULL,NULL
brain_fog_menopause,20211218,NULL,NULL
brain_fog_menopause,20211218,NULL,NULL
brain_fog_menopause,20211218,25to34,Male
brain_fog_menopause,20211218,NULL,NULL
brain_fog_menopause,20211218,NULL,NULL
menopause_acne_pictures,20210920,NULL,NULL
menopause_acne_pictures,20210920,NULL,NULL
horizon_west_hospital_menopause,20211231,NULL,NULL
menopause_hot_flashes,20211231,NULL,NULL
menopause_hot_flashes,20211231,NULL,NULL
menopause_hot_flashes,20211231,NULL,NULL
menopause_doctor_stratford_upon_avon,20220112,NULL,NULL
menopause_doctor_stratford_upon_avon,20220112,NULL,NULL
peri_menopause,20210516,45to54,Female
peri_menopause,20210516,45to54,Female
asea_menopause,20211206,45to54,Female
asea_menopause,20211206,45to54,Female
adele_johnston_for_her_masterclass_mastering_your_menopause_to_uplevel_your_business,20220120,55to64,Female
adele_johnston_for_her_masterclass_mastering_your_menopause_to_uplevel_your_business,20220120,55to64,Female
the_guardian_menopause,20211010,NULL,NULL
the_guardian_menopause,20211010,NULL,NULL
where_can_i_buy_amberen_menopause,20211105,55to64,-1
where_can_i_buy_amberen_menopause,20211105,55to64,-1
bristol_menopause,20211011,NULL,NULL
bristol_menopause,20211011,NULL,NULL
diane_danzebrink_menopause_support,20211125,NULL,NULL
diane_danzebrink_menopause_support,20211125,NULL,NULL
menopause_matters,20211212,45to54,Female
perimenopause_still_such_mystery,20220117,NULL,NULL
perimenopause_still_such_mystery,20220117,NULL,NULL
brain_fog_menopause,20211214,NULL,NULL
brain_fog_menopause,20211214,35to44,Male
brain_fog_menopause,20211214,NULL,NULL
brain_fog_menopause,20211214,NULL,NULL
brain_fog_menopause,20211214,NULL,NULL
brain_fog_menopause,20211214,NULL,NULL
brain_fog_menopause,20211214,NULL,NULL
brain_fog_menopause,20211214,NULL,NULL
brain_fog_menopause,20211214,NULL,NULL
brain_fog_menopause,20211214,NULL,NULL
brain_fog_menopause,20211214,NULL,NULL
brain_fog_menopause,20211214,NULL,NULL
brain_fog_menopause,20211214,NULL,NULL
brain_fog_menopause,20211214,NULL,NULL
brain_fog_menopause,20211214,NULL,NULL
brain_fog_menopause,20211214,NULL,NULL
brain_fog_menopause,20211214,NULL,NULL
brain_fog_menopause,20211214,NULL,NULL
brain_fog_menopause,20211214,NULL,NULL
brain_fog_menopause,20211214,NULL,NULL
brain_fog_menopause,20211214,18to24,Female
brain_fog_menopause,20211214,NULL,NULL
brain_fog_menopause,20211214,NULL,NULL
brain_fog_menopause,20211214,NULL,NULL
brain_fog_menopause,20211214,NULL,NULL
brain_fog_menopause,20211214,NULL,NULL
brain_fog_menopause,20211214,NULL,NULL
brain_fog_menopause,20211214,NULL,NULL
brain_fog_menopause,20211214,NULL,NULL
brain_fog_menopause,20211214,55to64,Male
brain_fog_menopause,20211214,NULL,NULL
brain_fog_menopause,20211214,NULL,NULL
brain_fog_menopause,20211214,NULL,NULL
brain_fog_menopause,20211214,NULL,NULL
brain_fog_menopause,20211214,25to34,Female
brain_fog_menopause,20211214,NULL,NULL
brain_fog_menopause,20211214,NULL,NULL
brain_fog_menopause,20211214,NULL,NULL
brain_fog_menopause,20211214,NULL,NULL
brain_fog_menopause,20211214,65Plus,Female
brain_fog_menopause,20211214,NULL,NULL
brain_fog_menopause,20211214,25to34,Male
brain_fog_menopause,20211214,NULL,NULL
brain_fog_menopause,20211214,NULL,NULL
brain_fog_menopause,20211214,NULL,NULL
brain_fog_menopause,20211214,NULL,NULL
brain_fog_menopause,20211214,NULL,NULL
brain_fog_menopause,20211214,NULL,NULL
brain_fog_menopause,20211214,NULL,NULL
brain_fog_menopause,20211214,NULL,NULL
brain_fog_menopause,20211214,NULL,NULL
brain_fog_menopause,20211214,NULL,NULL
brain_fog_menopause,20211214,NULL,NULL
salma_hayek_menopause,20210625,35to44,Female
salma_hayek_menopause,20210625,35to44,Female
sage_for_menopause,20210510,NULL,NULL
sage_for_menopause,20210510,NULL,NULL
nexplanon_implant_and_menopause,20210509,NULL,NULL
meg_matthews_menopause,20210604,NULL,NULL
meg_matthews_menopause,20210604,NULL,NULL
age_of_menopause_and_impact_of_climateric_symptoms_by_geographical_regions,20211125,NULL,NULL
age_of_menopause_and_impact_of_climateric_symptoms_by_geographical_regions,20211125,NULL,NULL
winchester_private_doctor_menopause,20210512,NULL,NULL
winchester_private_doctor_menopause,20210512,NULL,NULL
vaginal_dryness_after_menopause,20210701,55to64,Male
vaginal_dryness_after_menopause,20210701,55to64,Male
lithonia_menopause,20220120,NULL,NULL
manhattan_menopause_management,20211015,NULL,NULL
menopause_mood_swings,20210708,NULL,NULL
menopause_mood_swings,20210708,NULL,NULL
menopause_night_sweats,20211031,45to54,Male
menopause_night_sweats,20211031,45to54,Male
whats_a_menopause,20210422,NULL,NULL
menopause_barbie,20210909,NULL,NULL
menopause_barbie,20210909,NULL,NULL
menopause_sex_drive,20210909,NULL,NULL
menopause_sex_drive,20210909,NULL,NULL
pantene_menopause_shampoo,20211026,55to64,Female
pantene_menopause_shampoo,20211026,55to64,Female
menopause_hot_flashes,20210714,NULL,NULL
menopause_hot_flashes,20210714,NULL,NULL
menopause_tablets_holland_and_barrett,20211023,NULL,NULL
sage_for_menopause,20210708,55to64,Female
sage_for_menopause,20210708,55to64,Female
menopause_hot_flashes,20210619,45to54,Female
menopause_hot_flashes,20210619,45to54,Female
south_windsor_menopause,20210715,NULL,NULL
menopause_austin,20210902,NULL,NULL
best_supplements_for_perimenopause,20210902,45to54,Female
best_supplements_for_perimenopause,20210902,45to54,Female
vaginal_discharge_after_menopause,20210616,NULL,NULL
the_guardian_menopause,20211006,45to54,Male
the_guardian_menopause,20211006,45to54,Male
dr_meyer_menopause,20210815,NULL,NULL
dr_meyer_menopause,20210815,NULL,NULL
diet_for_post_menopause,20211129,NULL,NULL
diet_for_post_menopause,20211129,NULL,NULL
dimstri_home_remedies_menopause_after,20211209,NULL,NULL
peri_menopause_symptoms,20211019,NULL,NULL
peri_menopause_symptoms,20211019,NULL,NULL
lara_briden_menopause_book,20211203,NULL,NULL
lara_briden_menopause_book,20211203,NULL,NULL
menopause_matters,20210721,45to54,Female
menopause_matters,20210721,45to54,Female
menopause_beaumont,20211111,NULL,NULL
biocare_menopause_supplement,20211111,45to54,Female
biocare_menopause_supplement,20211111,45to54,Female
perimenopause_still_such_mystery,20220114,45to54,Male
perimenopause_still_such_mystery,20220114,NULL,NULL
perimenopause_still_such_mystery,20220114,NULL,NULL
ake_su_symptomy_menopause_treatment,20211118,NULL,NULL
ake_su_symptomy_menopause_treatment,20211118,NULL,NULL
bedford_park_menopause,20211118,NULL,NULL
menopause_doral,20211112,NULL,NULL
doral_menopause,20211112,NULL,NULL
menopause_treatment_fairfax,20211112,NULL,NULL
fairfax_menopause_treatment,20211112,NULL,NULL
south_windsor_menopause,20211222,NULL,NULL
vaginal_discharge_after_menopause,20211222,NULL,NULL
vaginal_discharge_after_menopause,20211222,NULL,NULL
vaginal_discharge_after_menopause,20220124,NULL,NULL
why_is_perimenopause_still_mystery,20220124,NULL,NULL
why_is_perimenopause_such,20220124,NULL,NULL
why_perimenopause_such_mystery,20220124,NULL,NULL
why_is_perimenopause_such,20220124,NULL,NULL
meg_matthews_menopause,20210610,NULL,NULL
meg_matthews_menopause,20210610,NULL,NULL
the_limited_discourse_about_menopause_in_the_surveyed_media_was_characterised_by_strong_themes_of_illness_medical_management_and_fear,20211213,NULL,NULL
meg_matthews_menopause,20210722,NULL,NULL
meg_matthews_menopause,20210722,NULL,NULL
menopause_hot_flashes,20210817,NULL,NULL
menopause_hot_flashes,20210817,NULL,NULL
post_menopause_supplements,20210518,45to54,Female
post_menopause_supplements,20210518,45to54,Female
sage_tablets_for_the_menopause,20210919,NULL,NULL
sage_tablets_for_the_menopause,20210919,NULL,NULL
post_menopause_supplements,20211001,NULL,NULL
post_menopause_supplements,20211001,NULL,NULL
vaginal_discharge_after_menopause,20211126,NULL,NULL
vaginal_discharge_after_menopause,20211126,NULL,NULL
bach_flower_remedies_for_menopause,20210904,NULL,NULL
bach_flower_remedies_for_menopause,20210904,NULL,NULL
menopause_night_sweats,20210801,NULL,NULL
menopause_night_sweats,20210801,NULL,NULL
sore_nipples_menopause,20210524,45to54,Female
sore_nipples_menopause,20210524,45to54,Female
vaginal_bleed_after_menopause,20210524,NULL,NULL
vaginal_bleed_after_menopause,20210524,NULL,NULL
zoe_ball_menopause,20210524,45to54,Female
zoe_ball_menopause,20210524,45to54,Female
peri_menopause,20210910,45to54,Female
peri_menopause,20210910,45to54,Female
menopause_hair_loss,20211129,NULL,NULL
menopause_hair_loss,20211129,NULL,NULL
themenopausecharityorg,20210610,65Plus,Male
themenopausecharityorg,20210610,65Plus,Male
what_is_peri_menopause,20210629,NULL,NULL
what_is_peri_menopause,20210629,NULL,NULL
menopause_matters,20210729,NULL,NULL
menopause_matters,20210729,NULL,NULL
companies_house_menopause_academy,20210715,NULL,NULL
companies_house_menopause_academy,20210715,NULL,NULL
depo_provera_and_perimenopause,20210711,35to44,Female
depo_provera_and_perimenopause,20210711,35to44,Female
menopause_itchy_skin,20210517,NULL,NULL
menopause_itchy_skin,20210517,NULL,NULL
menopause_monroe,20210730,NULL,NULL
liverpool_menopause_clinic,20210607,55to64,Male
liverpool_menopause_clinic,20210607,55to64,Male
east_windsor_menopause,20211223,NULL,NULL
menopause_east_windsor,20211223,NULL,NULL
vaginal_discharge_after_menopause,20211010,NULL,NULL
vaginal_discharge_after_menopause,20211010,NULL,NULL
why_is_perimenopause_such,20210505,NULL,NULL
why_perimenopause_such_mystery,20210505,25to34,-1
why_perimenopause_such,20210505,25to34,-1
why_is_perimenopause_such_mystery,20210505,25to34,-1
why_is_perimenopause_still_mystery,20210505,NULL,NULL
why_perimenopause_still_mystery,20210505,25to34,-1
why_perimenopause_still_such_mystery,20210505,NULL,NULL
why_perimenopause_still_such_mystery,20210505,25to34,-1
why_is_perimenopause_still_such,20210505,NULL,NULL
why_is_perimenopause,20210505,25to34,-1
why_is_perimenopause_still_such_mystery,20210505,25to34,-1
peri_menopause,20210912,NULL,NULL
peri_menopause_symptoms,20210912,35to44,Female
peri_menopause_symptoms,20210912,35to44,Female
peri_menopause,20210912,NULL,NULL
sage_menopause,20210912,NULL,NULL
sage_menopause,20210912,NULL,NULL
otc_menopause_treatment,20220112,NULL,NULL
otc_menopause,20220112,NULL,NULL
otc_menopause_treatment,20220112,NULL,NULL
perimenopause_still_such_mystery,20220112,18to24,Female
perimenopause_still_such_mystery,20220112,NULL,NULL
rancho_bernardo_menopause,20220112,NULL,NULL
menopause_matters,20211223,NULL,NULL
menopause_matters,20211223,NULL,NULL
vaginal_discharge_after_menopause,20211118,65Plus,Female
vaginal_discharge_after_menopause,20211118,65Plus,Female
vaginal_discharge_after_menopause,20210623,NULL,NULL
vaginal_discharge_after_menopause,20210623,NULL,NULL
what_age_do_women_start_menopause,20210623,NULL,NULL
what_age_do_women_start_menopause,20210623,NULL,NULL
why_is_perimenopause_such_mystery,20210430,NULL,NULL
why_is_perimenopause_such_mystery,20210430,35to44,Male
why_perimenopause_still_such_mystery,20210430,NULL,NULL
why_is_perimenopause_still,20210430,25to34,Male
why_is_perimenopause_such,20210430,NULL,NULL
why_perimenopause_still_mystery,20210430,NULL,NULL
why_perimenopause_still_such,20210430,25to34,Male
why_is_perimenopause_such_mystery,20210430,NULL,NULL
why_perimenopause_still_such_mystery,20210430,NULL,NULL
why_perimenopause_still_mystery,20210430,NULL,NULL
why_is_perimenopause_still,20210430,NULL,NULL
why_perimenopause_mystery,20210430,18to24,Female
why_is_perimenopause_such_mystery,20210430,NULL,NULL
why_perimenopause_such_mystery,20210430,NULL,NULL
why_perimenopause_mystery,20210430,NULL,NULL
why_perimenopause_still_such,20210430,NULL,NULL
why_perimenopause_such_mystery,20210430,18to24,Female
why_perimenopause_still_such,20210430,NULL,NULL
why_is_perimenopause_still_mystery,20210430,35to44,Male
why_perimenopause_still_such_mystery,20210430,NULL,NULL
why_perimenopause_still_mystery,20210430,18to24,Female
why_is_perimenopause_such,20210430,NULL,NULL
why_perimenopause_still_mystery,20210430,NULL,NULL
why_perimenopause_such,20210430,18to24,Female
why_perimenopause_still_such,20210430,NULL,NULL
why_is_perimenopause_still_such,20210430,NULL,NULL
why_is_perimenopause_still_mystery,20210430,NULL,NULL
why_is_perimenopause_still_such_mystery,20210430,NULL,NULL
why_is_perimenopause_still_such_mystery,20210430,NULL,NULL
springfield_menopause,20220106,NULL,NULL
menopause_springfield,20220106,NULL,NULL
vaginal_discharge_after_menopause,20220106,NULL,NULL
meg_matthews_menopause,20210713,NULL,NULL
meg_matthews_menopause,20210713,NULL,NULL
why_perimenopause_still_such_mystery,20220117,NULL,NULL
why_is_perimenopause_such_mystery,20220117,NULL,NULL
why_perimenopause_such_mystery,20220117,NULL,NULL
why_perimenopause_still_such_mystery,20220117,NULL,NULL
why_is_perimenopause_still_such,20220117,NULL,NULL
why_is_perimenopause_such_mystery,20220117,NULL,NULL
why_perimenopause_still_mystery,20220117,NULL,NULL
why_perimenopause_still_such,20220117,NULL,NULL
why_is_perimenopause_such,20220117,NULL,NULL
why_is_perimenopause_such_mystery,20220117,45to54,Male
why_is_perimenopause_such,20220117,NULL,NULL
why_is_perimenopause_still_mystery,20220117,NULL,NULL
why_is_perimenopause_such,20220117,NULL,NULL
why_perimenopause_still_such_mystery,20220117,NULL,NULL
why_perimenopause_still_such,20220117,NULL,NULL
why_perimenopause_such_mystery,20220117,NULL,NULL
why_perimenopause_still_mystery,20220117,NULL,NULL
why_is_perimenopause_still,20220117,NULL,NULL
why_perimenopause_still_mystery,20220117,NULL,NULL
why_is_perimenopause_still_such_mystery,20220117,NULL,NULL
menopause_hair_loss,20210916,25to34,Female
menopause_hair_loss,20210916,25to34,Female
north_massapequa_menopause,20211216,NULL,NULL
pheonix_menopause,20211216,NULL,NULL
rancho_bernardo_menopause,20211216,NULL,NULL
menopause_rancho_bernardo,20211216,NULL,NULL
what_is_peri_menopause,20210621,65Plus,Female
vaginal_dryness_after_menopause,20210429,55to64,Male
vaginal_dryness_after_menopause,20210429,55to64,Male
why_is_perimenopause_still_mystery,20210429,NULL,NULL
why_is_perimenopause_still,20210429,18to24,Female
why_perimenopause_still_such,20210429,NULL,NULL
why_is_perimenopause_still_such,20210429,25to34,Female
why_is_perimenopause_still,20210429,NULL,NULL
why_is_perimenopause_still_mystery,20210429,55to64,-1
why_perimenopause_still_such,20210429,NULL,NULL
why_perimenopause_such_mystery,20210429,NULL,NULL
why_is_perimenopause_still_such,20210429,18to24,Female
why_is_perimenopause_still,20210429,NULL,NULL
why_perimenopause_such,20210429,NULL,NULL
why_is_perimenopause_still_such,20210429,25to34,Male
why_is_perimenopause,20210429,25to34,Male
why_perimenopause_such_mystery,20210429,NULL,NULL
why_perimenopause_still_such,20210429,18to24,Female
why_is_perimenopause_such,20210429,NULL,NULL
why_perimenopause_still,20210429,NULL,NULL
why_perimenopause_such_mystery,20210429,NULL,NULL
why_is_perimenopause_such_mystery,20210429,NULL,NULL
why_is_perimenopause,20210429,NULL,NULL
why_perimenopause_still_such,20210429,NULL,NULL
why_perimenopause_still_mystery,20210429,35to44,Male
why_is_perimenopause_still,20210429,NULL,NULL
why_is_perimenopause_such_mystery,20210429,25to34,Female
why_is_perimenopause_still_such,20210429,NULL,NULL
why_perimenopause_such_mystery,20210429,NULL,NULL
why_perimenopause_still,20210429,NULL,NULL
why_is_perimenopause_such,20210429,25to34,Male
why_perimenopause_still_such_mystery,20210429,18to24,-1
why_is_perimenopause_such,20210429,18to24,Female
why_is_perimenopause_such_mystery,20210429,NULL,NULL
why_is_perimenopause,20210429,NULL,NULL
why_is_perimenopause_such_mystery,20210429,55to64,-1
why_is_perimenopause_still_mystery,20210429,25to34,Male
why_is_perimenopause_such_mystery,20210429,18to24,-1
why_perimenopause_still_such,20210429,NULL,NULL
why_is_perimenopause_such_mystery,20210429,NULL,NULL
why_perimenopause_still_such_mystery,20210429,NULL,NULL
why_is_perimenopause_such_mystery,20210429,NULL,NULL
why_perimenopause_still,20210429,18to24,Female
why_is_perimenopause_still_mystery,20210429,35to44,Male
why_perimenopause_still_such,20210429,18to24,-1
why_perimenopause_still_mystery,20210429,25to34,Male
why_perimenopause_still_mystery,20210429,NULL,NULL
why_is_perimenopause_still_such_mystery,20210429,NULL,NULL
why_is_perimenopause_still_such_mystery,20210429,NULL,NULL
nutritional_for_menopause,20211229,45to54,Female
nutritional_for_menopause,20211229,45to54,Female
does_everyone_gain_weight_during_menopause,20220121,NULL,NULL
does_everyone_gain_weight_during_menopause,20220121,NULL,NULL
menopause_itchy_skin,20220107,NULL,NULL
menopause_itchy_skin,20220107,NULL,NULL
brain_fog_menopause,20211223,NULL,NULL
davidson_perimenopause,20211105,NULL,NULL
columbia_menopause,20211230,NULL,NULL
henderson_menopause,20211230,NULL,NULL
meg_matthews_menopause,20210429,55to64,Female
meg_matthews_menopause,20210429,55to64,Female
vaginal_discharge_after_menopause,20210817,55to64,Female
vaginal_discharge_after_menopause,20210817,55to64,Female
menopause_matters,20211122,NULL,NULL
menopause_matters,20211122,NULL,NULL
estrogen_rich_foods_for_menopause,20211011,45to54,-1
estrogen_rich_foods_for_menopause,20211011,45to54,-1
sage_tablets_for_the_menopause,20220122,NULL,NULL
sage_tablets_for_the_menopause,20220122,NULL,NULL
do_dogs_go_through_menopause,20211001,55to64,Female
roisin_hillman_menopause_treatment,20211208,NULL,NULL
roisin_hillman_menopause,20211208,NULL,NULL
roisin_hillman_menopause,20211208,NULL,NULL
east_cobb_menopause,20211126,NULL,NULL
east_windsor_menopause,20211126,NULL,NULL
menopause_east_windsor,20211126,NULL,NULL
south_miami_menopause,20220105,NULL,NULL
weston_menopause,20220105,NULL,NULL
menopause_peachtree_corners,20211105,NULL,NULL
peachtree_corners_menopause,20211105,NULL,NULL
always_discreet_menopause,20210818,NULL,NULL
always_discreet_menopause,20210818,NULL,NULL
vaginal_odor_menopause,20211129,NULL,NULL
peri_menopause_achey_feet,20210617,NULL,NULL
peri_menopause_achey_feet,20210617,NULL,NULL
holland_and_barrett_menopause,20220131,NULL,NULL
holland_and_barrett_menopause,20220131,NULL,NULL
megs_menopause_serum,20220131,NULL,NULL
megs_menopause_serum,20220131,NULL,NULL
weight_gain_and_menopause,20210418,NULL,NULL
weight_gain_and_menopause,20210418,NULL,NULL
holland_and_barrett_menopause_tablets,20210516,NULL,NULL
holland_and_barrett_menopause_tablets,20210516,NULL,NULL
peri_menopause_and_fatigue,20210513,45to54,Male
peri_menopause_and_fatigue,20210513,45to54,Male
peri_menopause_symptoms,20210607,NULL,NULL
peri_menopause_symptoms,20210607,NULL,NULL
pantene_menopause_shampoo,20210926,NULL,NULL
pantene_menopause_shampoo,20210926,NULL,NULL
why_modern_keeps_overlooking_menopause,20210415,65Plus,Male
brain_fog_menopause,20211222,NULL,NULL
menopause_hormone_therapy_columbia,20210604,NULL,NULL
belly_fat_menopause,20210609,NULL,NULL
belly_fat_menopause,20210609,NULL,NULL
menopause_matters_uk,20211214,45to54,Female
menopause_matters_uk,20211214,45to54,Female
beauty_treatments_for_menopause_symptoms,20220130,NULL,NULL
beauty_treatments_for_menopause_symptoms,20220130,NULL,NULL
beauty_treatments_for_menopause_symptoms_dizziness,20220130,NULL,NULL
sage_for_menopause,20210527,NULL,NULL
sage_for_menopause,20210527,NULL,NULL
sage_for_menopause,20210901,NULL,NULL
sage_for_menopause,20210901,NULL,NULL
london_pms_and_menopause_centre,20210419,65Plus,-1
london_pms_and_menopause_centre,20210419,65Plus,-1
fx_menopause,20220107,55to64,-1
fx_menopause,20220107,55to64,-1
london_pms_and_menopause_centre,20210426,55to64,Female
london_pms_and_menopause_centre,20210426,55to64,Female
roche_possay_for_menopause,20211127,NULL,NULL
roche_possay_for_menopause,20211127,NULL,NULL
menopause_weight_loss,20220124,NULL,NULL
best_supplements_for_menopause_symptoms,20210912,NULL,NULL
best_supplements_for_menopause_symptoms,20210912,NULL,NULL
menopause_coach,20210518,35to44,Female
menopause_taylor_youtube,20210627,45to54,Female
menopause_taylor_youtube,20210627,45to54,Female
diet_for_menopause,20210603,NULL,NULL
diet_for_menopause,20210603,NULL,NULL
neovadiol_vichy_menopause_cream,20211125,NULL,NULL
neovadiol_vichy_menopause_cream,20211125,NULL,NULL
menopause_night_sweats,20220113,NULL,NULL
menopause_dr_uk,20211220,NULL,NULL
always_discreet_menopause,20210726,NULL,NULL
always_discreet_menopause,20210726,NULL,NULL
always_discreet_menopause,20210726,NULL,NULL
always_discreet_menopause,20210726,NULL,NULL
perimenopause_still_such_mystery,20220115,NULL,NULL
perimenopause_still_such_mystery,20220115,NULL,NULL
vaginal_discharge_after_menopause,20211221,NULL,NULL
vaginal_discharge_after_menopause,20211221,NULL,NULL
vaginal_discharge_after_menopause,20210625,65Plus,Male
petra_coveney_menopause_yoga,20220130,NULL,NULL
petra_coveney_menopause_yoga,20220130,NULL,NULL
brain_fog_menopause,20211217,NULL,NULL
brain_fog_menopause,20211217,18to24,Male
brain_fog_menopause,20211217,NULL,NULL
brain_fog_menopause,20211217,NULL,NULL
brain_fog_menopause,20211217,25to34,Male
brain_fog_menopause,20211217,NULL,NULL
brain_fog_menopause,20211217,NULL,NULL
brain_fog_menopause,20211217,18to24,Male
brain_fog_menopause,20211217,NULL,NULL
brain_fog_menopause,20211217,NULL,NULL
the_british_menopause_society_bms,20220121,18to24,Male
the_british_menopause_society_bms,20220121,18to24,Male
covit_vaccines_that_have_caused_menopause_symptoms,20211201,NULL,NULL
menopause_night_sweats,20211124,NULL,NULL
brain_fog_menopause,20211225,NULL,NULL
brain_fog_menopause,20211225,NULL,NULL
brain_fog_menopause,20211221,NULL,NULL
brain_fog_menopause,20211221,NULL,NULL
brain_fog_menopause,20211221,NULL,NULL
menopause_matters,20210723,NULL,NULL
menopause_matters,20210723,NULL,NULL
barrington_menopause,20210522,NULL,NULL
menopause_barrington,20210522,NULL,NULL
sore_nipples_menopause,20211025,NULL,NULL
sore_nipples_menopause,20211025,NULL,NULL
menopause_odessa,20220113,NULL,NULL
perimenopause_still_such_mystery,20220113,NULL,NULL
perimenopause_still_such_mystery,20220113,NULL,NULL
perimenopause_still_such_mystery,20220113,NULL,NULL
perimenopause_still_such_mystery,20220113,NULL,NULL
perimenopause_still_such_mystery,20220113,NULL,NULL
perimenopause_still_such_mystery,20220113,NULL,NULL
perimenopause_still_such_mystery,20220113,NULL,NULL
perimenopause_still_such_mystery,20220113,NULL,NULL
perimenopause_still_such_mystery,20220113,NULL,NULL
perimenopause_still_such_mystery,20220113,NULL,NULL
perimenopause_still_such_mystery,20220113,NULL,NULL
perimenopause_still_such_mystery,20220113,NULL,NULL
perimenopause_still_such_mystery,20220113,25to34,Female
perimenopause_still_such_mystery,20220113,NULL,NULL
perimenopause_still_such_mystery,20220113,NULL,NULL
perimenopause_still_such_mystery,20220113,NULL,NULL
perimenopause_still_such_mystery,20220113,45to54,Male
perimenopause_still_such_mystery,20220113,18to24,Female
perimenopause_still_such_mystery,20220113,NULL,NULL
perimenopause_still_such_mystery,20220113,55to64,-1
perimenopause_still_such_mystery,20220113,NULL,NULL
perimenopause_still_such_mystery,20220113,NULL,NULL
perimenopause_still_such_mystery,20220113,NULL,NULL
perimenopause_still_such_mystery,20220113,NULL,NULL
perimenopause_still_such_mystery,20220113,NULL,NULL
perimenopause_still_such_mystery,20220113,NULL,NULL
sage_tablets_for_the_menopause,20220113,NULL,NULL
sage_tablets_for_the_menopause,20220113,NULL,NULL
vaginal_itching_after_menopause,20210712,65Plus,Male
vaginal_itching_after_menopause,20210712,65Plus,Male
stockton_menopause,20220112,NULL,NULL
menopause_stockton,20220112,NULL,NULL
why_perimenopause_such_mystery,20220112,45to54,Male
why_perimenopause_still_such_mystery,20220112,NULL,NULL
why_is_perimenopause_such_mystery,20220112,NULL,NULL
why_perimenopause_such,20220112,NULL,NULL
why_is_perimenopause_still_mystery,20220112,NULL,NULL
why_is_perimenopause_such_mystery,20220112,NULL,NULL
why_is_perimenopause_still_such,20220112,NULL,NULL
why_perimenopause_still_mystery,20220112,NULL,NULL
why_perimenopause_such_mystery,20220112,NULL,NULL
why_perimenopause_such_mystery,20220112,NULL,NULL
why_is_perimenopause_still_mystery,20220112,NULL,NULL
why_perimenopause_still_such_mystery,20220112,NULL,NULL
why_perimenopause_mystery,20220112,NULL,NULL
why_perimenopause_still_mystery,20220112,NULL,NULL
why_is_perimenopause_still_mystery,20220112,NULL,NULL
why_is_perimenopause_still_such_mystery,20220112,NULL,NULL
menopause_eden,20220126,NULL,NULL
orlando_menopause,20220126,NULL,NULL
nutrition_and_menopause_preston,20220131,NULL,NULL
menopause_matters,20211029,NULL,NULL
menopause_matters,20211029,NULL,NULL
signws_and_symptoms_of_menopause,20211217,65Plus,Female
signws_and_symptoms_of_menopause,20211217,65Plus,Female
wellsmenopause,20220201,Below13,Female
menopause_hot_flashes,20210504,45to54,Female
menopause_hot_flashes,20210504,45to54,Female
sore_nipples_menopause,20211008,NULL,NULL
davis_sr_castelobrancoc_chedraui_p_et_al_2012_understanding_weight_gain_at_menopause_climacteric_155_419429,20211202,NULL,NULL
davis_sr_castelobrancoc_chedraui_p_et_al_2012_understanding_weight_gain_at_menopause_climacteric_155_419429,20211202,NULL,NULL
devi_g_2018_menopauserelated_cognitive_impairment_obstetrics_gynecology_132_6_13251327,20211202,NULL,NULL
devi_g_2018_menopauserelated_cognitive_impairment_obstetrics_gynecology_132_6_13251327,20211202,NULL,NULL
brain_fog_menopause,20211216,NULL,NULL
brain_fog_menopause,20211216,NULL,NULL
brain_fog_menopause,20211216,NULL,NULL
brain_fog_menopause,20211216,NULL,NULL
brain_fog_menopause,20211216,NULL,NULL
brain_fog_menopause,20211216,18to24,Male
brain_fog_menopause,20211216,NULL,NULL
brain_fog_menopause,20211216,NULL,NULL
brain_fog_menopause,20211216,NULL,NULL
brain_fog_menopause,20211216,NULL,NULL
brain_fog_menopause,20211216,NULL,NULL
brain_fog_menopause,20211216,NULL,NULL
brain_fog_menopause,20211216,NULL,NULL
brain_fog_menopause,20211216,NULL,NULL
brain_fog_menopause,20211216,NULL,NULL
brain_fog_menopause,20211216,NULL,NULL
brain_fog_menopause,20211216,NULL,NULL
brain_fog_menopause,20211216,45to54,Male
brain_fog_menopause,20211216,NULL,NULL
perimenopause_still_such_mystery,20220124,NULL,NULL
loreal_menopause_boots,20211111,NULL,NULL
loreal_menopause,20211111,NULL,NULL
loreal_menopause_boots,20211111,NULL,NULL
menopause_phoenix,20211222,NULL,NULL
phoenix_menopause,20211222,NULL,NULL
why_perimenopause_still_such,20220121,NULL,NULL
why_is_perimenopause_such,20220121,NULL,NULL
why_is_perimenopause,20220121,NULL,NULL
red_clover_menopause,20210714,NULL,NULL
red_clover_menopause,20210714,NULL,NULL
vaginal_discharge_after_menopause,20210621,NULL,NULL
vaginal_discharge_after_menopause,20210621,NULL,NULL
treatment_for_fibroids_post_menopause,20220103,NULL,NULL
treatment_for_fibroids_post_menopause,20220103,NULL,NULL
laredo_menopause,20211216,NULL,NULL
state_that_women_prefer_to_receive_factual_menopause_information_on_what_to_expect_from_a_health_care_professional,20211212,NULL,NULL
state_that_women_prefer_to_receive_factual_menopause_information_on_what_to_expect_from_a_health_care_professional,20211212,NULL,NULL
companies_house_menopause_academy,20210905,NULL,NULL
companies_house_menopause_academy,20210905,NULL,NULL
covington_menopause,20220113,NULL,NULL
menopause_covington,20220113,NULL,NULL
menopause_hot_flashes,20211228,NULL,NULL
menopause_hot_flashes,20211228,NULL,NULL
vaginal_discharge_after_menopause,20211215,NULL,NULL
vaginal_discharge_after_menopause,20211215,NULL,NULL
kate_muir_the_mail_perimenopause,20220119,NULL,NULL
kate_muir_the_mail_perimenopause,20220119,NULL,NULL
meg_matthews_menopause,20220119,NULL,NULL
meg_matthews_menopause,20220119,NULL,NULL
columbia_menopause_hormone_therapy,20220105,NULL,NULL
east_hollywood_menopause,20220105,NULL,NULL
east_hollywood_menopause,20220105,NULL,NULL
anita_powell_black_women_in_menopause,20220127,NULL,NULL
anita_powell_black_women_in_menopause,20220127,NULL,NULL
amberen_for_menopause,20210420,NULL,NULL
private_menopause_cconsultation_coventry,20220124,NULL,NULL
private_menopause_clinic_coventry,20220124,NULL,NULL
private_menopause_clinic_coventry,20220124,NULL,NULL
private_menopause_cconsultation_coventry,20220124,NULL,NULL
pantene_hair_biology_menopause_formula,20220104,55to64,Male
pantene_hair_biology_menopause_conditioner,20220104,55to64,Male
pantene_hair_biology_menopause_conditioner,20220104,55to64,Male
a_vogel_menopause_support,20210528,NULL,NULL
a_vogel_menopause_support,20210528,NULL,NULL
menopause_magnet_therapy,20220127,65Plus,Male
menopause_spring_valley,20211216,NULL,NULL
menopause_hot_flashes,20220103,NULL,NULL
menopause_matters_uk,20220103,45to54,Female
menopause_matters_uk,20220103,45to54,Female
always_discreet_menopause,20210721,NULL,NULL
always_discreet_menopause,20210721,NULL,NULL
brain_fog_menopause,20211224,NULL,NULL
brain_fog_menopause,20211224,NULL,NULL
menopause_hot_flashes,20220104,45to54,Female
menopause_hot_flashes,20220104,45to54,Female
menopause_aventura,20211210,NULL,NULL
aventura_menopause,20211210,NULL,NULL
menopause_brighton,20211210,NULL,NULL
brighton_menopause,20211210,NULL,NULL
menopause_matters,20220128,55to64,Female
menopause_matters,20220128,Below13,Female
menopause_matters,20220128,Below13,Female
perimenopause_rush_to_head_symptoms,20220118,NULL,NULL
perimenopause_rush_to_head_symptoms,20220118,NULL,NULL
menopause_kirkland,20220126,NULL,NULL
peri_menopause_joint_pain,20220201,NULL,NULL
peri_menopause_joint_pain,20220201,NULL,NULL
need_how_menopause_womens_brains,20210723,NULL,NULL
peri_menopause,20210723,65Plus,Male
peri_menopause,20210723,65Plus,Male
menopause_hot_flashes,20210816,55to64,Female
menopause_hot_flashes,20210816,55to64,Female
menopause_hair_thinning,20211112,NULL,NULL
menopause_hair_thinning,20211112,NULL,NULL
is_it_too_late_to_take_hrt_after_the_menopause,20220123,NULL,NULL
is_it_too_late_to_take_hrt_after_the_menopause_side_effects,20220123,NULL,NULL
is_it_too_late_to_take_hrt_after_the_menopause_side_effects,20220123,NULL,NULL
is_it_too_late_to_take_hrt_after_the_menopause,20220123,NULL,NULL
east_windsor_menopause,20220106,NULL,NULL
a_vogel_menopause_support,20211029,NULL,NULL
a_vogel_menopause_support,20211029,NULL,NULL
sage_tablets_for_the_menopause,20210820,55to64,Female
why_perimenopause_still_such_mystery,20220120,NULL,NULL
why_is_perimenopause_still,20220120,NULL,NULL
why_is_perimenopause_still_such,20220120,NULL,NULL
why_is_perimenopause_still_such,20220120,NULL,NULL
why_perimenopause_such_mystery,20220120,NULL,NULL
why_perimenopause_such,20220120,NULL,NULL
why_perimenopause_still_mystery,20220120,NULL,NULL
vaginal_bleeding_after_menopause,20220115,55to64,Female
vaginal_bleeding_after_menopause,20220115,55to64,Female
why_is_perimenopause_still,20220115,NULL,NULL
why_perimenopause_still,20220115,NULL,NULL
why_is_perimenopause_such,20220115,45to54,Male
why_is_perimenopause_such,20220115,NULL,NULL
why_is_perimenopause,20220115,55to64,Female
why_is_perimenopause_such_mystery,20220115,NULL,NULL
why_is_perimenopause_still_such,20220115,NULL,NULL
why_is_perimenopause_still_such,20220115,NULL,NULL
why_is_perimenopause_still_mystery,20220115,NULL,NULL
why_is_perimenopause_such,20220115,55to64,Female
why_perimenopause_still_such_mystery,20220115,45to54,Male
why_perimenopause_such_mystery,20220115,NULL,NULL
why_is_perimenopause_still,20220115,45to54,Male
why_is_perimenopause_still_mystery,20220115,45to54,Male
why_perimenopause_such_mystery,20220115,NULL,NULL
why_perimenopause_still_such,20220115,NULL,NULL
why_perimenopause_such,20220115,45to54,Male
why_is_perimenopause_such_mystery,20220115,55to64,Female
why_perimenopause_still_such_mystery,20220115,NULL,NULL
why_perimenopause_still_such,20220115,45to54,Male
why_perimenopause_such_mystery,20220115,45to54,Male
why_perimenopause_still_mystery,20220115,NULL,NULL
why_perimenopause_still_such,20220115,NULL,NULL
why_perimenopause_still_such_mystery,20220115,55to64,Female
why_perimenopause_still_mystery,20220115,NULL,NULL
why_is_perimenopause_such_mystery,20220115,NULL,NULL
why_is_perimenopause_still_mystery,20220115,NULL,NULL
why_perimenopause,20220115,NULL,NULL
menopause_moultrie,20220106,NULL,NULL
moultrie_menopause,20220106,NULL,NULL
enhancementhormonesmenopauseotherhow,20211114,NULL,NULL
wells_menopause_clinic,20210824,NULL,NULL
wells_menopause_clinic,20210824,NULL,NULL
megs_menopause,20220102,NULL,NULL
megs_menopause,20220102,NULL,NULL
brain_fog_menopause,20220102,NULL,NULL
changes_in_the_hypothalamicpituitaryovarian_feedback_mechanism_during_menopause_transition_lead_to,20220102,NULL,NULL
zoe_ball_menopause,20210518,NULL,NULL
pantene_menopause_shampoo,20211101,NULL,NULL
pantene_menopause_shampoo,20211101,NULL,NULL
sage_tablets_for_menopause,20211101,NULL,NULL
peri_menopause,20210918,NULL,NULL
peri_menopause,20210918,NULL,NULL
what_are_post_menopause_symptoms,20210918,NULL,NULL
what_are_post_menopause_symptoms,20210918,NULL,NULL
london_menopause_clinic,20210421,NULL,NULL
london_menopause_clinic,20210421,NULL,NULL
mariella_miracle_menopause_symptoms,20210831,45to54,Female
vaginal_discharge_after_menopause,20211002,NULL,NULL
vaginal_discharge_after_menopause,20211002,NULL,NULL
wilton_menopause,20210730,NULL,NULL
sage_tablets_for_the_menopause,20211114,NULL,NULL
sage_tablets_for_the_menopause,20211114,NULL,NULL
saperstein_j_jiang_xuezhi_schnatz_pf_2018_reflections_on_education_about_menopause_connecticut_medicine_82_4345,20211114,NULL,NULL
saperstein_j_jiang_xuezhi_schnatz_pf_2018_reflections_on_education_about_menopause_connecticut_medicine_82_4345,20211114,NULL,NULL
amberen_for_menopause,20211005,NULL,NULL
vaginal_discharge_after_menopause,20210501,NULL,NULL
why_perimenopause_mystery,20210501,NULL,NULL
why_is_perimenopause_still_mystery,20210501,NULL,NULL
why_is_perimenopause_still_such,20210501,NULL,NULL
why_is_perimenopause_still_mystery,20210501,NULL,NULL
why_perimenopause_still_such,20210501,65Plus,Male
why_is_perimenopause_still_mystery,20210501,NULL,NULL
why_is_perimenopause_still_such,20210501,35to44,Male
why_perimenopause_such_mystery,20210501,NULL,NULL
why_perimenopause_such_mystery,20210501,65Plus,Male
why_is_perimenopause_still_mystery,20210501,45to54,Male
why_is_perimenopause_still_such,20210501,45to54,Male
why_perimenopause_still_mystery,20210501,NULL,NULL
why_is_perimenopause_such,20210501,NULL,NULL
why_perimenopause_such,20210501,45to54,Male
why_is_perimenopause_still,20210501,45to54,Male
why_is_perimenopause_still_such_mystery,20210501,45to54,Male
bupa_menopause_treatment,20220131,NULL,NULL
bupa_menopause_treatment,20220131,NULL,NULL
menopause_musical,20210917,45to54,Female
menopause_musical,20210917,45to54,Female
vichy_menopause,20211102,NULL,NULL
vichy_menopause,20211102,NULL,NULL
sore_nipples_menopause,20210710,NULL,NULL
sore_nipples_menopause,20210710,NULL,NULL
menopause_hot_flashes,20210630,NULL,NULL
menopause_hot_flashes,20210630,NULL,NULL
brain_fog_menopause,20211220,25to34,Male
brain_fog_menopause,20211220,NULL,NULL
brain_fog_menopause,20211220,NULL,NULL
brain_fog_menopause,20211220,NULL,NULL
menopause_for_dummies_henry_louis_gates_by_jones_torrent,20211225,NULL,NULL
menopause_for_dummies_henry_louis_gates_by_jones_torrent,20211225,NULL,NULL
brain_fog_menopause,20211215,NULL,NULL
brain_fog_menopause,20211215,NULL,NULL
brain_fog_menopause,20211215,NULL,NULL
brain_fog_menopause,20211215,NULL,NULL
brain_fog_menopause,20211215,NULL,NULL
brain_fog_menopause,20211215,NULL,NULL
brain_fog_menopause,20211215,NULL,NULL
brain_fog_menopause,20211215,65Plus,Female
brain_fog_menopause,20211215,NULL,NULL
brain_fog_menopause,20211215,NULL,NULL
brain_fog_menopause,20211215,NULL,NULL
brain_fog_menopause,20211215,25to34,Male
brain_fog_menopause,20211215,NULL,NULL
brain_fog_menopause,20211215,NULL,NULL
brain_fog_menopause,20211215,NULL,NULL
brain_fog_menopause,20211215,NULL,NULL
brain_fog_menopause,20211215,35to44,Male
brain_fog_menopause,20211215,NULL,NULL
brain_fog_menopause,20211215,NULL,NULL
brain_fog_menopause,20211215,NULL,NULL
brain_fog_menopause,20211215,NULL,NULL
brain_fog_menopause,20211215,NULL,NULL
brain_fog_menopause,20211215,NULL,NULL
brain_fog_menopause,20211215,NULL,NULL
brain_fog_menopause,20211215,NULL,NULL
brain_fog_menopause,20211215,NULL,NULL
brain_fog_menopause,20211215,NULL,NULL
brain_fog_menopause,20211215,NULL,NULL
brain_fog_menopause,20211215,NULL,NULL
brain_fog_menopause,20211215,NULL,NULL
brain_fog_menopause,20211215,18to24,Male
brain_fog_menopause,20211215,NULL,NULL
brain_fog_menopause,20211215,NULL,NULL
brain_fog_menopause,20211215,45to54,-1
brain_fog_menopause,20211215,NULL,NULL
brain_fog_menopause,20211215,NULL,NULL
brain_fog_menopause,20211215,NULL,NULL
brain_fog_menopause,20211215,NULL,NULL
brain_fog_menopause,20211215,NULL,NULL
brain_fog_menopause,20211215,NULL,NULL
brain_fog_menopause,20211215,NULL,NULL
brain_fog_menopause,20211215,NULL,NULL
brain_fog_menopause,20211215,NULL,NULL
brain_fog_menopause,20211215,NULL,NULL
brain_fog_menopause,20211215,NULL,NULL
brain_fog_menopause,20211215,NULL,NULL
brain_fog_menopause,20211215,NULL,NULL
brain_fog_menopause,20211215,NULL,NULL
brain_fog_menopause,20211215,NULL,NULL
brain_fog_menopause,20211215,18to24,Male
brain_fog_menopause,20211215,NULL,NULL
brain_fog_menopause,20211215,NULL,NULL
brain_fog_menopause,20211215,NULL,NULL
brain_fog_menopause,20211215,NULL,NULL
brain_fog_menopause,20211215,NULL,NULL
brain_fog_menopause,20211215,NULL,NULL
brain_fog_menopause,20211215,25to34,Male
brain_fog_menopause,20211215,NULL,NULL
brain_fog_menopause,20211215,NULL,NULL
brain_fog_menopause,20211215,45to54,Male
brain_fog_menopause,20211215,35to44,Male
brain_fog_menopause,20211215,25to34,Male
brain_fog_menopause,20211215,35to44,Male
brain_fog_menopause,20211215,NULL,NULL
brain_fog_menopause,20211215,NULL,NULL
brain_fog_menopause,20211215,NULL,NULL
brain_fog_menopause,20211215,NULL,NULL
brain_fog_menopause,20211215,NULL,NULL
brain_fog_menopause,20211215,NULL,NULL
brain_fog_menopause,20211215,NULL,NULL
brain_fog_menopause,20211215,NULL,NULL
brain_fog_menopause,20211215,NULL,NULL
brain_fog_menopause,20211215,NULL,NULL
brain_fog_menopause,20211215,NULL,NULL
brain_fog_menopause,20211215,NULL,NULL
brain_fog_menopause,20211215,NULL,NULL
brain_fog_menopause,20211215,NULL,NULL
brain_fog_menopause,20211215,NULL,NULL
brain_fog_menopause,20211215,NULL,NULL
brain_fog_menopause,20211215,NULL,NULL
brain_fog_menopause,20211215,NULL,NULL
brain_fog_menopause,20211215,NULL,NULL
brain_fog_menopause,20211215,NULL,NULL
brain_fog_menopause,20211215,NULL,NULL
brain_fog_menopause,20211215,45to54,Male
brain_fog_menopause,20211215,NULL,NULL
brain_fog_menopause,20211215,35to44,Male
brain_fog_menopause,20211215,NULL,NULL
brain_fog_menopause,20211215,NULL,NULL
brain_fog_menopause,20211215,18to24,Male
brain_fog_menopause,20211215,NULL,NULL
brain_fog_menopause,20211215,NULL,NULL
brain_fog_menopause,20211215,NULL,NULL
brain_fog_menopause,20211215,NULL,NULL
brain_fog_menopause,20211215,NULL,NULL
brain_fog_menopause,20211215,NULL,NULL
brain_fog_menopause,20211215,NULL,NULL
brain_fog_menopause,20211215,NULL,NULL
brain_fog_menopause,20211215,NULL,NULL
brain_fog_menopause,20211215,NULL,NULL
brain_fog_menopause,20211215,18to24,Male
brain_fog_menopause,20211215,NULL,NULL
bristol_menopause_reviews,20211215,45to54,Female
estrogen_rich_foods_for_menopause,20210812,65Plus,Female
estrogen_rich_foods_for_menopause,20210812,65Plus,Female
menopause_bohemian_rhapsody,20210616,NULL,NULL
menopause_bohemian_rhapsody,20210616,NULL,NULL
sophie_wessex_menopause,20211007,NULL,NULL
sophie_wessex_menopause,20211007,NULL,NULL
read_online_cracking_the_menopause_code,20211204,NULL,NULL
ms_menopause,20211109,NULL,NULL
ms_menopause,20211109,NULL,NULL
menopause_night_sweats,20220117,NULL,NULL
perimenopause_still_such_mystery,20210501,NULL,NULL
perimenopause_still_such_mystery,20210501,45to54,Male
perimenopause_still_such_mystery,20210501,NULL,NULL
sage_tablets_for_the_menopause,20210501,65Plus,Female
menopause_hair_loss,20210513,NULL,NULL
menopause_hair_loss,20210513,NULL,NULL
sore_nipples_menopause_symptoms,20211013,45to54,Female
sore_nipples_menopause_symptoms,20211013,45to54,Female
why_is_perimenopause_such_mystery,20220118,NULL,NULL
why_is_perimenopause_such,20220118,NULL,NULL
why_perimenopause_still_such,20220118,NULL,NULL
why_is_perimenopause_still_such,20220118,NULL,NULL
why_perimenopause_still_mystery,20220118,NULL,NULL
why_is_perimenopause_still,20220118,NULL,NULL
why_is_perimenopause_such_mystery,20220118,NULL,NULL
why_is_perimenopause_still_mystery,20220118,NULL,NULL
why_is_perimenopause_such,20220122,NULL,NULL
why_is_perimenopause_still_mystery,20220123,NULL,NULL
why_is_perimenopause_still_such,20220123,NULL,NULL
why_is_perimenopause_such_mystery,20220123,NULL,NULL
perimenopause_still_such_mystery,20220116,NULL,NULL
perimenopause_still_such_mystery,20220116,NULL,NULL
perimenopause_still_such_mystery,20220116,NULL,NULL
pilates_for_menopause_best_dvds,20220116,NULL,NULL
pilates_for_menopause_best_dvds,20220116,NULL,NULL
pilates_for_menopause,20220116,NULL,NULL
sage_tablets_for_the_menopause,20220116,65Plus,Female
sage_tablets_for_the_menopause,20220116,65Plus,Female
a_vogel_menopause_support,20220113,NULL,NULL
a_vogel_menopause_support,20220113,NULL,NULL
balance_menopause,20220113,55to64,Female
balance_menopause,20220113,55to64,Female
hazel_hayden_menopause_bristol,20210617,NULL,NULL
hazel_hayden_menopause_bristol,20210617,NULL,NULL
ardent_for_menopause,20211121,35to44,Female
a_vogel_menopause_support,20211127,55to64,Female
a_vogel_menopause_support,20211127,55to64,Female
bms_menopause_diagnosis,20211229,45to54,Female
bms_menopause_diagnosis,20211229,45to54,Female
peri_menopause,20210722,NULL,NULL
is_it_too_late_to_use_plantur_39_after_menopause_surgery,20211222,25to34,Female
is_it_too_late_to_use_plantur_39_after_menopause,20211222,25to34,Female
is_it_too_late_to_use_plantur_39_after_menopause,20211222,25to34,Female
is_it_too_late_to_use_plantur_39_after_menopause_surgery,20211222,25to34,Female
johns_creek_perimenopause,20211222,NULL,NULL
menopause_elbow_pain,20220111,45to54,Female
east_hollywood_menopause,20210511,NULL,NULL
menopause_campbell,20210827,NULL,NULL
gillian_martin_and_menopause,20210719,55to64,Female
gillian_martin_and_menopause,20210719,55to64,Female
menopause_matters,20211030,25to34,Female
menopause_matters,20211030,25to34,Female
menopause_clinic_brighton,20210519,NULL,NULL
menopause_clinic_brighton,20210519,NULL,NULL
sage_tablets_for_menopause,20210426,NULL,NULL
sage_tablets_for_menopause,20210426,NULL,NULL
holland_and_barrett_health_and_her_menopause_review_2019,20220201,NULL,NULL
holland_and_barrett_health_and_her_menopause_review,20220201,NULL,NULL
holland_and_barrett_health_and_her_menopause_review,20220201,NULL,NULL
menopause_for_dummies_henry_louis_gates_by_jones_free_ebook_or_read_online_or_book_download,20220201,NULL,NULL
menopause_for_dummies_henry_louis_gates_by_jones_free_ebook_or_read_online_or_book_download,20220201,NULL,NULL
menopause_hot_flashes,20210415,NULL,NULL
menopause_hot_flashes,20210415,NULL,NULL
themenopausecharityorg,20211029,NULL,NULL
themenopausecharityorg,20211029,NULL,NULL
peri_menopause_symptoms,20210804,NULL,NULL
peri_menopause_symptoms,20210804,NULL,NULL
is_it_normal_to_bleed_7_years_after_menopause_symptoms,20210905,55to64,Female
is_it_normal_to_bleed_7_years_after_menopause_symptoms,20210905,55to64,Female
menopause_champion,20211123,NULL,NULL
menopause_champion,20211123,NULL,NULL
menopause_champion_support,20211123,NULL,NULL
menopause_champion_support,20211123,NULL,NULL
meg_matthews_menopause,20210814,45to54,Female
meg_matthews_menopause,20210814,45to54,Female
saperstein_j_jiang_xuezhi_schnatz_pf_2018_reflections_on_education_about_menopause_connecticut_medicine_82_4345,20211128,NULL,NULL
saperstein_j_jiang_xuezhi_schnatz_pf_2018_reflections_on_education_about_menopause_connecticut_medicine_82_4345,20211128,NULL,NULL
why_perimenopause_mystery,20220114,NULL,NULL
why_is_perimenopause_still,20220114,NULL,NULL
why_perimenopause_still,20220114,NULL,NULL
why_is_perimenopause,20220114,NULL,NULL
why_is_perimenopause_still,20220114,NULL,NULL
why_is_perimenopause_such,20220114,NULL,NULL
why_is_perimenopause_such_mystery,20220114,NULL,NULL
why_is_perimenopause_still_such,20220114,NULL,NULL
why_perimenopause_such,20220114,45to54,Male
why_perimenopause_mystery,20220114,NULL,NULL
why_is_perimenopause_still,20220114,55to64,-1
why_is_perimenopause_still_mystery,20220114,NULL,NULL
why_perimenopause_such,20220114,NULL,NULL
why_perimenopause_still_such_mystery,20220114,NULL,NULL
why_is_perimenopause,20220114,NULL,NULL
why_is_perimenopause_still,20220114,NULL,NULL
why_is_perimenopause_such,20220114,NULL,NULL
why_perimenopause_still_such_mystery,20220114,NULL,NULL
why_is_perimenopause_still_mystery,20220114,NULL,NULL
why_perimenopause_still_such,20220114,NULL,NULL
why_perimenopause_still_mystery,20220114,NULL,NULL
why_perimenopause_such,20220114,NULL,NULL
why_is_perimenopause,20220114,NULL,NULL
why_is_perimenopause_still_such,20220114,NULL,NULL
why_perimenopause_still_such_mystery,20220114,NULL,NULL
why_is_perimenopause_still_mystery,20220114,NULL,NULL
why_is_perimenopause_still,20220114,NULL,NULL
why_is_perimenopause_still_such,20220114,45to54,Male
why_is_perimenopause_such_mystery,20220114,NULL,NULL
why_perimenopause_still_such,20220114,NULL,NULL
why_is_perimenopause_such_mystery,20220114,55to64,Female
why_is_perimenopause_such,20220114,NULL,NULL
why_perimenopause_still_such,20220114,NULL,NULL
why_is_perimenopause_still_mystery,20220114,NULL,NULL
why_is_perimenopause_still_such,20220114,NULL,NULL
why_is_perimenopause_such_mystery,20220114,NULL,NULL
why_perimenopause_such,20220114,NULL,NULL
why_is_perimenopause_such_mystery,20220114,NULL,NULL
why_is_perimenopause_still,20220114,NULL,NULL
why_is_perimenopause_such_mystery,20220114,NULL,NULL
why_perimenopause_still_such,20220114,55to64,Female
why_perimenopause_still_such,20220114,NULL,NULL
why_is_perimenopause_still_mystery,20220114,NULL,NULL
why_perimenopause_mystery,20220114,NULL,NULL
why_perimenopause_such_mystery,20220114,NULL,NULL
why_is_perimenopause_such,20220114,NULL,NULL
why_is_perimenopause_such,20220114,NULL,NULL
why_perimenopause_still_mystery,20220114,45to54,Male
why_is_perimenopause_still_such,20220114,55to64,Female
why_is_perimenopause_still_mystery,20220114,NULL,NULL
why_perimenopause_such_mystery,20220114,NULL,NULL
why_perimenopause_still_such,20220114,NULL,NULL
why_is_perimenopause_still_such,20220114,NULL,NULL
why_is_perimenopause_such_mystery,20220114,NULL,NULL
why_perimenopause_still_such,20220114,NULL,NULL
why_perimenopause_such_mystery,20220114,NULL,NULL
why_is_perimenopause_such,20220114,NULL,NULL
why_perimenopause_still_such,20220114,NULL,NULL
why_is_perimenopause_still_such,20220114,NULL,NULL
why_is_perimenopause_still,20220114,55to64,Female
why_perimenopause_still_mystery,20220114,NULL,NULL
why_is_perimenopause_such,20220114,45to54,Male
why_is_perimenopause_still,20220114,NULL,NULL
why_perimenopause_still_such_mystery,20220114,NULL,NULL
why_perimenopause_still_such_mystery,20220114,45to54,Male
why_is_perimenopause_such,20220114,NULL,NULL
why_is_perimenopause_such,20220114,NULL,NULL
why_is_perimenopause_such_mystery,20220114,NULL,NULL
why_perimenopause_still_such_mystery,20220114,NULL,NULL
why_is_perimenopause_still_mystery,20220114,55to64,Female
why_perimenopause_still_mystery,20220114,NULL,NULL
why_is_perimenopause_such_mystery,20220114,NULL,NULL
why_is_perimenopause_still_mystery,20220114,NULL,NULL
why_perimenopause_such_mystery,20220114,55to64,Female
why_is_perimenopause_still_such_mystery,20220114,NULL,NULL
why_is_perimenopause_still_such_mystery,20220114,NULL,NULL
why_is_perimenopause_still_such_mystery,20220114,NULL,NULL
why_is_perimenopause_still_such_mystery,20220114,NULL,NULL
amberen_for_menopause,20211003,NULL,NULL
amberen_for_menopause,20211003,NULL,NULL